image_A,image_B,preferred,source
s2,s4,s2,manual_ranking_1
s2,s3,s2,manual_ranking_1
s2,s8,s2,manual_ranking_1
s2,s6,s2,manual_ranking_1
s2,s7,s2,manual_ranking_1
s2,s5,s2,manual_ranking_1
s4,s3,s4,manual_ranking_1
s4,s8,s4,manual_ranking_1
s4,s6,s4,manual_ranking_1
s4,s7,s4,manual_ranking_1
s4,s5,s4,manual_ranking_1
s3,s8,s3,manual_ranking_1
s3,s6,s3,manual_ranking_1
s3,s7,s3,manual_ranking_1
s3,s5,s3,manual_ranking_1
s8,s6,s8,manual_ranking_1
s8,s7,s8,manual_ranking_1
s8,s5,s8,manual_ranking_1
s6,s7,s6,manual_ranking_1
s6,s5,s6,manual_ranking_1
s7,s5,s7,manual_ranking_1
